task_id,hash,native_id,name,mut,rc,seq_n,dual_inf,rep,status,exit,submit,duration,realtime,X.cpu,peak_rss,peak_vmem,rchar,wchar
17,16/b1fdb5,220545.hpcnode0,geneconv,0.0001,0.000001,100,0.05,1,COMPLETED,0,47:00.8,14.8s,13.8s,99.30%,5.2 MB,113.3 MB,250.3 KB,44.1 KB
5,c6/94a862,220548.hpcnode0,geneconv,0.0001,1.00E-07,100,0.05,3,COMPLETED,0,47:01.1,39.5s,17.7s,99.70%,5.3 MB,113.4 MB,250.3 KB,21.1 KB
6,a5/edf7dd,220557.hpcnode0,geneconv,0.0001,0.000001,100,0.05,2,COMPLETED,0,47:01.8,38.8s,12s,98.90%,5.1 MB,113.1 MB,250.3 KB,34.6 KB
1,1a/ba3ce1,220559.hpcnode0,geneconv,0.0001,1.00E-07,100,0.05,1,COMPLETED,0,47:01.9,38.7s,18.7s,99.80%,5.3 MB,113.4 MB,250.3 KB,17.1 KB
16,78/ed89d4,220561.hpcnode0,geneconv,0.0001,0.000001,100,0.05,3,COMPLETED,0,47:02.1,38.6s,17s,99.40%,5.3 MB,113.4 MB,250.3 KB,23.4 KB
2,09/2634f0,220562.hpcnode0,geneconv,0.0001,1.00E-07,100,0.05,2,COMPLETED,0,47:02.1,38.5s,15.9s,99.30%,5.2 MB,113.3 MB,250.3 KB,18.2 KB
10,b9/b2953c,220551.hpcnode0,geneconv,0.001,1.00E-07,100,0.05,1,COMPLETED,0,47:01.4,1m 44s,1m 7s,100.10%,6.1 MB,114.2 MB,250.3 KB,40.6 KB
8,b8/65cb39,220552.hpcnode0,geneconv,0.001,0.000001,100,0.05,2,COMPLETED,0,47:01.4,1m 44s,1m 10s,100.10%,6.1 MB,114.2 MB,250.3 KB,42.8 KB
3,a0/18db21,220553.hpcnode0,geneconv,0.001,0.000001,100,0.05,1,COMPLETED,0,47:01.5,1m 44s,1m 9s,100.10%,6.1 MB,114.2 MB,250.3 KB,93.8 KB
13,d7/4ecaad,220554.hpcnode0,geneconv,0.001,1.00E-07,100,0.05,3,COMPLETED,0,47:01.6,1m 44s,1m 12s,100.00%,6.2 MB,114.3 MB,250.3 KB,103.8 KB
15,e7/e82ada,220556.hpcnode0,geneconv,0.001,0.000001,100,0.05,3,COMPLETED,0,47:01.7,1m 44s,1m 7s,100.00%,6.1 MB,114.2 MB,250.3 KB,49.3 KB
7,7c/57a89a,220560.hpcnode0,geneconv,0.001,1.00E-07,100,0.05,2,COMPLETED,0,47:02.0,1m 44s,1m 3s,99.90%,6.2 MB,114.3 MB,250.3 KB,70.2 KB
11,a8/e65a8a,220546.hpcnode0,geneconv,0.01,0.000001,100,0.05,2,COMPLETED,0,47:00.9,2m 55s,2m 51s,100.00%,6.4 MB,114.5 MB,250.3 KB,9.4 KB
4,40/a04ed5,220547.hpcnode0,geneconv,0.01,1.00E-07,100,0.05,3,COMPLETED,0,47:01.0,3m 40s,2m 58s,100.10%,6.6 MB,114.7 MB,250.3 KB,9.4 KB
9,5e/d1e5c4,220549.hpcnode0,geneconv,0.01,0.000001,100,0.05,3,COMPLETED,0,47:01.2,3m 44s,2m 51s,100.10%,6.4 MB,114.5 MB,250.3 KB,9.7 KB
14,a1/f8fb3b,220550.hpcnode0,geneconv,0.01,1.00E-07,100,0.05,1,COMPLETED,0,47:01.3,3m 44s,3m 7s,100.00%,6.2 MB,114.3 MB,250.3 KB,9.4 KB
12,51/c9630a,220555.hpcnode0,geneconv,0.01,0.000001,100,0.05,1,COMPLETED,0,47:01.6,3m 49s,3m 13s,100.10%,6.3 MB,114.4 MB,250.3 KB,9.7 KB
18,7c/5a7511,220558.hpcnode0,geneconv,0.01,1.00E-07,100,0.05,2,COMPLETED,0,47:01.8,3m 49s,3m 46s,100.10%,6 MB,114.1 MB,250.3 KB,9.4 KB
24,0a/097a58,219190.hpcnode0,profile_s,0.0001,1.00E-07,100,0.05,2,COMPLETED,0,37:01.3,4.7s,1.2s,95.60%,2.4 MB,110.6 MB,217.1 KB,6 KB
46,c3/5d3bfa,219191.hpcnode0,3seq_s,0.001,1.00E-07,100,0.05,1,COMPLETED,0,37:01.4,4.7s,3.5s,81.40%,450.7 MB,563.4 MB,436.5 MB,9.4 KB
51,2b/d9613e,219195.hpcnode0,3seq_s,0.001,0.000001,100,0.05,3,COMPLETED,0,37:01.7,4.6s,3.6s,76.70%,450.7 MB,563.4 MB,436.5 MB,9.4 KB
29,56/917c79,219199.hpcnode0,profile_s,0.01,0.000001,100,0.05,2,COMPLETED,0,37:02.0,4.3s,2.8s,97.70%,3.1 MB,111.2 MB,217.2 KB,6 KB
40,b7/f50faa,219200.hpcnode0,3seq_s,0.0001,1.00E-07,100,0.05,3,COMPLETED,0,37:02.1,4.2s,2.1s,35.60%,339.1 MB,563.4 MB,436.5 MB,9.3 KB
53,ed/6f1c91,219202.hpcnode0,3seq_s,0.0001,0.000001,100,0.05,1,COMPLETED,0,37:02.3,4.1s,1.7s,32.70%,391 MB,563.4 MB,436.5 MB,9.3 KB
32,00/ab6eb5,219204.hpcnode0,profile_s,0.01,1.00E-07,100,0.05,1,COMPLETED,0,37:02.4,4s,3.2s,97.90%,3.2 MB,111.3 MB,217.1 KB,6 KB
39,06/62df9d,219206.hpcnode0,3seq_s,0.0001,0.000001,100,0.05,2,COMPLETED,0,37:02.6,3.9s,1.2s,33.80%,450.6 MB,563.4 MB,436.4 MB,9.3 KB
41,40/e25b42,219207.hpcnode0,3seq_s,0.0001,1.00E-07,100,0.05,2,COMPLETED,0,37:02.7,3.8s,1.6s,51.10%,450.6 MB,563.4 MB,436.4 MB,9.3 KB
22,4c/7d3a84,219210.hpcnode0,profile_s,0.01,1.00E-07,100,0.05,3,COMPLETED,0,37:02.8,3.7s,2.3s,97.40%,2.9 MB,111.1 MB,217.1 KB,6 KB
18,db/b09f7c,219211.hpcnode0,profile_s,0.001,1.00E-07,100,0.05,2,COMPLETED,0,37:02.9,3.7s,1.3s,95.30%,2.5 MB,110.6 MB,217.1 KB,6 KB
33,d4/c9e285,219214.hpcnode0,profile_s,0.001,0.000001,100,0.05,3,COMPLETED,0,37:03.1,3.5s,1.3s,94.50%,2.5 MB,110.6 MB,217.1 KB,6 KB
31,58/5c4155,219215.hpcnode0,profile_s,0.001,1.00E-07,100,0.05,3,COMPLETED,0,37:03.2,3.5s,1.3s,94.60%,2.5 MB,110.6 MB,217.1 KB,6 KB
26,ae/aadf4d,219220.hpcnode0,profile_s,0.001,0.000001,100,0.05,2,COMPLETED,0,37:03.5,3.2s,1.6s,96.40%,2.5 MB,112.6 MB,219.9 KB,6 KB
43,6a/2b77ce,219222.hpcnode0,3seq_s,0.0001,1.00E-07,100,0.05,1,COMPLETED,0,37:03.6,3.1s,2.1s,50.00%,371.5 MB,565.4 MB,436.4 MB,9.3 KB
20,f2/a2e5ec,219223.hpcnode0,profile_s,0.0001,0.000001,100,0.05,2,COMPLETED,0,37:03.7,3s,1.4s,96.70%,2.4 MB,112.6 MB,219.9 KB,6.3 KB
21,f6/160b05,219224.hpcnode0,profile_s,0.0001,1.00E-07,100,0.05,3,COMPLETED,0,37:03.7,3s,1.5s,95.70%,2.4 MB,112.6 MB,219.9 KB,6 KB
28,a0/d6a133,219227.hpcnode0,profile_s,0.001,1.00E-07,100,0.05,1,COMPLETED,0,37:03.9,2.8s,1.6s,94.90%,2.5 MB,112.6 MB,220.1 KB,6 KB
34,3e/ce6f76,219230.hpcnode0,profile_s,0.0001,0.000001,100,0.05,3,COMPLETED,0,37:04.1,2.6s,1.5s,94.10%,2.4 MB,112.6 MB,220.1 KB,6 KB
16,f4/097fd8,219232.hpcnode0,profile_s,0.001,0.000001,100,0.05,1,COMPLETED,0,37:04.3,2.5s,1.6s,95.60%,2.5 MB,112.6 MB,220.1 KB,6 KB
35,c6/e21c5d,219235.hpcnode0,profile_s,0.0001,0.000001,100,0.05,1,COMPLETED,0,37:04.5,2.3s,1.5s,95.10%,2.4 MB,112.6 MB,219.9 KB,6 KB
25,48/7f8bb5,219237.hpcnode0,profile_s,0.0001,1.00E-07,100,0.05,1,COMPLETED,0,37:04.7,2.2s,1.3s,94.80%,2.4 MB,110.6 MB,217.1 KB,6 KB
52,90/4d92d6,219238.hpcnode0,3seq_s,0.0001,0.000001,100,0.05,3,COMPLETED,0,37:04.7,2.2s,742ms,86.80%,1.3 MB,103.6 MB,436.4 MB,9.3 KB
48,51/83ca38,219192.hpcnode0,3seq_s,0.01,0.000001,100,0.05,1,COMPLETED,0,37:01.5,9.6s,6.2s,91.50%,450.7 MB,563.4 MB,436.5 MB,9.4 KB
19,87/ba4ac7,219213.hpcnode0,phipack_s,0.0001,0.000001,100,0.05,1,COMPLETED,0,37:03.0,8s,6.1s,99.10%,2.6 MB,110.7 MB,217.1 KB,16.2 KB
13,0a/c00146,219193.hpcnode0,phipack_s,0.001,1.00E-07,100,0.05,3,COMPLETED,0,37:01.6,29.5s,24.2s,99.70%,3.4 MB,111.4 MB,217.1 KB,57.3 KB
4,2f/f8377c,219196.hpcnode0,phipack_s,0.0001,1.00E-07,100,0.05,2,COMPLETED,0,37:01.8,39.3s,7.1s,98.60%,2.6 MB,110.7 MB,217.1 KB,19.9 KB
47,62/aea9be,219197.hpcnode0,3seq_s,0.01,0.000001,100,0.05,2,COMPLETED,0,37:01.8,39.2s,6.4s,89.80%,450.7 MB,563.4 MB,436.5 MB,9.5 KB
6,f5/e8d6a5,219198.hpcnode0,phipack_s,0.0001,0.000001,100,0.05,2,COMPLETED,0,37:01.9,39.2s,4.9s,98.40%,2.5 MB,110.7 MB,217.1 KB,13.7 KB
42,4d/4f5001,219201.hpcnode0,3seq_s,0.01,1.00E-07,100,0.05,3,COMPLETED,0,37:02.2,38.9s,7.1s,84.10%,450.7 MB,563.4 MB,436.5 MB,9.5 KB
38,1c/69fbad,219205.hpcnode0,3seq_s,0.001,1.00E-07,100,0.05,2,COMPLETED,0,37:02.5,38.6s,3.7s,73.80%,450.6 MB,563.4 MB,436.4 MB,9.4 KB
8,ae/fcc1fd,219208.hpcnode0,phipack_s,0.001,0.000001,100,0.05,2,COMPLETED,0,37:02.7,38.4s,23s,99.70%,3.4 MB,111.4 MB,217.1 KB,57 KB
49,20/8cf7d2,219209.hpcnode0,3seq_s,0.001,1.00E-07,100,0.05,3,COMPLETED,0,37:02.8,38.3s,3.7s,84.60%,450.6 MB,563.4 MB,436.4 MB,9.4 KB
2,85/cc27a3,219212.hpcnode0,phipack_s,0.001,0.000001,100,0.05,1,COMPLETED,0,37:03.0,38.2s,22.8s,99.60%,3.4 MB,111.4 MB,217.1 KB,56.2 KB
36,ce/708e1b,219216.hpcnode0,profile_s,0.01,1.00E-07,100,0.05,2,COMPLETED,0,37:03.2,37.9s,3.6s,98.30%,3.5 MB,111.6 MB,217.1 KB,6 KB
10,ce/22b433,219219.hpcnode0,phipack_s,0.001,1.00E-07,100,0.05,1,COMPLETED,0,37:03.4,37.7s,27.6s,99.80%,3.5 MB,113.6 MB,219.9 KB,57.2 KB
1,38/92ffa8,219221.hpcnode0,phipack_s,0.0001,1.00E-07,100,0.05,1,COMPLETED,0,37:03.5,37.6s,8.8s,99.30%,2.7 MB,112.8 MB,219.9 KB,23.1 KB
15,01/d892af,219225.hpcnode0,phipack_s,0.001,0.000001,100,0.05,3,COMPLETED,0,37:03.8,37.3s,25.6s,99.70%,3.3 MB,113.3 MB,219.9 KB,52.9 KB
5,15/e29385,219226.hpcnode0,phipack_s,0.0001,1.00E-07,100,0.05,3,COMPLETED,0,37:03.9,37.3s,8.7s,99.00%,2.7 MB,112.8 MB,219.9 KB,23.3 KB
27,f9/23915d,219228.hpcnode0,profile_s,0.01,0.000001,100,0.05,3,COMPLETED,0,37:04.0,37.2s,3.1s,98.20%,3.1 MB,113.2 MB,220.1 KB,6 KB
54,41/9b731b,219229.hpcnode0,3seq_s,0.01,1.00E-07,100,0.05,2,COMPLETED,0,37:04.1,37.1s,8.6s,88.00%,450.6 MB,565.4 MB,436.4 MB,9.5 KB
17,e9/1a83eb,219231.hpcnode0,phipack_s,0.0001,0.000001,100,0.05,3,COMPLETED,0,37:04.2,37s,8.6s,98.80%,2.7 MB,112.8 MB,220.1 KB,21.7 KB
30,e7/ad4726,219233.hpcnode0,profile_s,0.01,0.000001,100,0.05,1,COMPLETED,0,37:04.4,36.8s,3.2s,97.30%,3.1 MB,113.2 MB,220.1 KB,6 KB
7,61/8f8302,219234.hpcnode0,phipack_s,0.001,1.00E-07,100,0.05,2,COMPLETED,0,37:04.4,36.8s,27s,99.70%,3.5 MB,113.6 MB,220.1 KB,55 KB
37,09/8862b2,219239.hpcnode0,3seq_s,0.001,0.000001,100,0.05,1,COMPLETED,0,37:04.8,36.4s,10.9s,89.40%,450.6 MB,565.4 MB,436.4 MB,9.4 KB
50,74/464b1a,219240.hpcnode0,3seq_s,0.01,1.00E-07,100,0.05,1,COMPLETED,0,37:04.9,36.3s,14.2s,95.80%,450.6 MB,565.4 MB,436.4 MB,9.5 KB
44,81/2816ae,219241.hpcnode0,3seq_s,0.01,0.000001,100,0.05,3,COMPLETED,0,37:05.0,36.3s,5.2s,98.20%,450.6 MB,563.4 MB,436.4 MB,9.4 KB
45,a3/677f85,219242.hpcnode0,3seq_s,0.001,0.000001,100,0.05,2,COMPLETED,0,37:05.0,36.2s,2.7s,96.60%,450.6 MB,563.4 MB,436.4 MB,9.4 KB
3,2b/9109f9,219194.hpcnode0,phipack_s,0.01,1.00E-07,100,0.05,3,COMPLETED,0,37:01.6,1m 39s,1m 20s,99.90%,6.8 MB,114.9 MB,217.1 KB,177.5 KB
11,dc/5ea113,219203.hpcnode0,phipack_s,0.01,0.000001,100,0.05,2,COMPLETED,0,37:02.3,1m 44s,1m 8s,100.00%,7.4 MB,115.4 MB,217.1 KB,190.1 KB
12,fb/b51ec1,219218.hpcnode0,phipack_s,0.01,0.000001,100,0.05,1,COMPLETED,0,37:03.4,1m 43s,1m 11s,99.90%,7.3 MB,115.4 MB,217.1 KB,193.1 KB
9,8e/dd9854,219236.hpcnode0,phipack_s,0.01,0.000001,100,0.05,3,COMPLETED,0,37:04.6,1m 42s,1m 23s,100.10%,7.4 MB,117.5 MB,219.9 KB,190.2 KB
23,71/d33a1e,219217.hpcnode0,phipack_s,0.01,1.00E-07,100,0.05,2,COMPLETED,0,37:03.3,2m 13s,1m 16s,99.90%,8.4 MB,116.5 MB,217.1 KB,215.6 KB
14,bc/3e2433,219243.hpcnode0,phipack_s,0.01,1.00E-07,100,0.05,1,COMPLETED,0,37:05.1,2m 11s,1m 27s,100.10%,8.1 MB,118.1 MB,219.9 KB,204.4 KB
12,43/61a5cc,220586.hpcnode0,geneconv,0.0001,0.000001,1000,0.05,2,COMPLETED,0,59:17.3,1h 56m 29s,1h 55m 40s,100.10%,466.4 MB,574.5 MB,1.7 MB,358.4 KB
16,f2/b0efb0,220577.hpcnode0,geneconv,0.0001,0.000001,1000,0.05,3,COMPLETED,0,59:16.6,2h 1m 4s,2h 51s,100.20%,462.5 MB,570.6 MB,1.7 MB,6.4 MB
2,01/f43be3,220573.hpcnode0,geneconv,0.0001,1.00E-07,1000,0.05,1,COMPLETED,0,59:16.3,2h 13m 55s,2h 13m 10s,100.20%,462.7 MB,570.8 MB,1.7 MB,373.6 KB
1,d1/b05901,220576.hpcnode0,geneconv,0.0001,1.00E-07,1000,0.05,3,COMPLETED,0,59:16.6,2h 19m 5s,2h 18m 19s,100.20%,493.7 MB,601.8 MB,1.7 MB,775 KB
6,97/16a321,220583.hpcnode0,geneconv,0.0001,1.00E-07,1000,0.05,2,COMPLETED,0,59:17.0,2h 22m 9s,2h 21m 42s,100.20%,490.2 MB,598.3 MB,1.7 MB,406.2 KB
10,e0/b5c8a8,220572.hpcnode0,geneconv,0.0001,0.000001,1000,0.05,1,COMPLETED,0,59:16.3,2h 22m 55s,2h 22m 22s,100.20%,477.8 MB,585.9 MB,1.7 MB,661.9 KB
5,af/5c419f,220569.hpcnode0,geneconv,0.001,1.00E-07,1000,0.05,3,COMPLETED,0,59:16.0,7h 57m 31s,7h 57m 30s,100.10%,562 MB,670.1 MB,1.7 MB,149.4 KB
7,dc/7ed8eb,220584.hpcnode0,geneconv,0.001,0.000001,1000,0.05,3,COMPLETED,0,59:17.1,8h 15m 50s,8h 15m 12s,100.10%,561.6 MB,669.7 MB,1.7 MB,310 KB
18,e8/88fdf1,220579.hpcnode0,geneconv,0.001,0.000001,1000,0.05,1,COMPLETED,0,59:16.8,8h 26m 45s,8h 26m 29s,100.20%,561.2 MB,669.3 MB,1.7 MB,178.6 KB
9,07/83f6c2,220581.hpcnode0,geneconv,0.001,1.00E-07,1000,0.05,1,COMPLETED,0,59:16.9,8h 36m 50s,8h 36m 8s,100.20%,561.5 MB,669.6 MB,1.7 MB,306.7 KB
11,ef/306de2,220574.hpcnode0,geneconv,0.001,1.00E-07,1000,0.05,2,COMPLETED,0,59:16.4,8h 37m 46s,8h 36m 47s,100.20%,561.5 MB,669.6 MB,1.7 MB,309.3 KB
17,3e/a055d3,220580.hpcnode0,geneconv,0.001,0.000001,1000,0.05,2,COMPLETED,0,59:16.8,8h 37m 50s,8h 37m 6s,100.20%,561.4 MB,669.5 MB,1.7 MB,308.1 KB
8,16/dfb21d,220570.hpcnode0,geneconv,0.01,1.00E-07,1000,0.05,1,COMPLETED,0,59:16.1,10h 16m 31s,10h 16m 28s,100.10%,410 MB,518.1 MB,1.7 MB,124.5 KB
14,05/611feb,220582.hpcnode0,geneconv,0.01,1.00E-07,1000,0.05,3,COMPLETED,0,59:17.0,11h 7m 55s,11h 7m 27s,100.20%,380.4 MB,488.5 MB,1.7 MB,126 KB
4,2b/8c8b27,220578.hpcnode0,geneconv,0.01,0.000001,1000,0.05,2,COMPLETED,0,59:16.7,11h 8m 56s,11h 8m 3s,100.20%,395 MB,503.1 MB,1.7 MB,125.7 KB
13,02/46254f,220585.hpcnode0,geneconv,0.01,0.000001,1000,0.05,3,COMPLETED,0,59:17.2,11h 22m 10s,11h 21m 18s,100.10%,379 MB,487.1 MB,1.7 MB,123.5 KB
3,da/8783f8,220575.hpcnode0,geneconv,0.01,0.000001,1000,0.05,1,COMPLETED,0,59:16.5,11h 39m 26s,11h 38m 44s,100.20%,357 MB,465.1 MB,1.7 MB,124.5 KB
15,31/f6bf53,220571.hpcnode0,geneconv,0.01,1.00E-07,1000,0.05,2,COMPLETED,0,59:16.2,11h 42m 46s,11h 41m 51s,100.20%,354.2 MB,462.4 MB,1.7 MB,122 KB
31,42/28e5fc,219290.hpcnode0,profile_s,0.0001,0.000001,1000,0.05,2,COMPLETED,0,04:58.5,1m 59s,1m 57s,100.00%,6 MB,114.1 MB,1.7 MB,6 KB
29,79/4a689e,219287.hpcnode0,profile_s,0.001,1.00E-07,1000,0.05,2,COMPLETED,0,04:58.3,2m 10s,2m 8s,100.00%,8 MB,116.1 MB,1.7 MB,6 KB
25,04/db21d2,219294.hpcnode0,profile_s,0.0001,1.00E-07,1000,0.05,1,COMPLETED,0,04:58.8,2m 39s,2m 5s,99.90%,6 MB,114.1 MB,1.7 MB,6 KB
26,dd/442b79,219289.hpcnode0,profile_s,0.01,1.00E-07,1000,0.05,1,COMPLETED,0,04:58.4,2m 44s,2m 44s,100.00%,11.6 MB,119.7 MB,1.7 MB,6 KB
40,f9/2aa649,219299.hpcnode0,profile_s,0.001,0.000001,1000,0.05,2,COMPLETED,0,04:59.1,2m 44s,2m 8s,100.00%,8.1 MB,116.2 MB,1.7 MB,6 KB
13,48/7e2c35,219303.hpcnode0,profile_s,0.0001,1.00E-07,1000,0.05,3,COMPLETED,0,04:59.4,2m 44s,1m 56s,100.00%,6 MB,114.1 MB,1.7 MB,6 KB
16,b1/9a2de3,219307.hpcnode0,profile_s,0.0001,1.00E-07,1000,0.05,2,COMPLETED,0,04:59.8,2m 43s,1m 57s,100.00%,6 MB,114.1 MB,1.7 MB,6 KB
38,a4/fa7511,219310.hpcnode0,profile_s,0.0001,0.000001,1000,0.05,3,COMPLETED,0,05:00.1,2m 43s,1m 57s,100.00%,6 MB,114.1 MB,1.7 MB,6 KB
28,e3/3acd60,219314.hpcnode0,profile_s,0.0001,0.000001,1000,0.05,1,COMPLETED,0,05:00.4,2m 43s,1m 58s,100.00%,6 MB,114.1 MB,1.7 MB,6 KB
52,2e/a312ff,219318.hpcnode0,3seq_s,0.0001,0.000001,1000,0.05,3,COMPLETED,0,05:00.8,2m 42s,2m 24s,100.10%,520.1 MB,634.8 MB,437.8 MB,13.7 KB
14,4e/73ba71,219322.hpcnode0,profile_s,0.001,0.000001,1000,0.05,3,COMPLETED,0,05:01.1,2m 42s,2m 30s,100.10%,8.1 MB,118.2 MB,1.7 MB,6 KB
34,20/5e1d5d,219286.hpcnode0,profile_s,0.01,1.00E-07,1000,0.05,3,COMPLETED,0,04:58.2,2m 50s,2m 47s,100.00%,11.6 MB,119.7 MB,1.7 MB,6 KB
36,09/d3125e,219300.hpcnode0,profile_s,0.01,1.00E-07,1000,0.05,2,COMPLETED,0,04:59.2,3m 49s,2m 52s,100.00%,11.6 MB,119.7 MB,1.7 MB,6 KB
18,ab/ececd9,219315.hpcnode0,profile_s,0.01,0.000001,1000,0.05,2,COMPLETED,0,05:00.5,3m 47s,3m 13s,100.10%,11.7 MB,121.7 MB,1.7 MB,6 KB
17,73/50d7ea,219324.hpcnode0,profile_s,0.01,0.000001,1000,0.05,1,COMPLETED,0,05:01.2,3m 47s,3m 22s,100.10%,11.6 MB,121.7 MB,1.7 MB,6 KB
32,eb/6c7e6b,219325.hpcnode0,profile_s,0.01,0.000001,1000,0.05,3,COMPLETED,0,05:01.3,3m 47s,3m 14s,100.10%,11.6 MB,121.7 MB,1.7 MB,6 KB
42,bd/526892,219335.hpcnode0,profile_s,0.001,0.000001,1000,0.05,1,COMPLETED,0,05:02.1,4m 6s,2m 6s,100.00%,8 MB,116.1 MB,1.7 MB,6 KB
22,37/a6c3a1,219337.hpcnode0,profile_s,0.001,1.00E-07,1000,0.05,3,COMPLETED,0,05:02.3,4m 6s,2m 7s,100.00%,8.3 MB,116.3 MB,1.7 MB,6 KB
27,7d/d6e0fd,219338.hpcnode0,profile_s,0.001,1.00E-07,1000,0.05,1,COMPLETED,0,05:02.4,4m 6s,2m 7s,100.00%,7.9 MB,116.1 MB,1.7 MB,6 KB
48,11/d9a30a,219320.hpcnode0,3seq_s,0.0001,0.000001,1000,0.05,2,COMPLETED,0,05:00.9,6m 52s,6m 33s,100.10%,520.1 MB,634.8 MB,437.8 MB,21.2 KB
30,7c/5f1fec,219288.hpcnode0,3seq_s,0.0001,1.00E-07,1000,0.05,3,COMPLETED,0,04:58.4,7m 50s,7m 45s,99.90%,520 MB,632.8 MB,437.8 MB,23.3 KB
35,fc/f3dd6f,219317.hpcnode0,3seq_s,0.0001,1.00E-07,1000,0.05,2,COMPLETED,0,05:00.7,8m 52s,8m 25s,100.10%,520.1 MB,634.8 MB,437.8 MB,24.6 KB
43,54/48b97c,219301.hpcnode0,3seq_s,0.0001,1.00E-07,1000,0.05,1,COMPLETED,0,04:59.3,9m 54s,9m 47s,100.10%,520 MB,632.8 MB,437.8 MB,27.1 KB
46,20/22953e,219293.hpcnode0,3seq_s,0.0001,0.000001,1000,0.05,1,COMPLETED,0,04:58.7,13m 44s,13m 1s,100.00%,520 MB,632.8 MB,437.8 MB,33 KB
2,e9/092283,219297.hpcnode0,phipack_s,0.0001,1.00E-07,1000,0.05,3,COMPLETED,0,04:58.9,41m 24s,40m 31s,100.10%,6.8 MB,114.9 MB,1.7 MB,533.5 KB
12,98/5ee83e,219331.hpcnode0,phipack_s,0.0001,0.000001,1000,0.05,2,COMPLETED,0,05:01.8,41m 21s,40m 26s,100.10%,6.8 MB,116.9 MB,1.7 MB,527.7 KB
10,70/dd9ee5,219332.hpcnode0,phipack_s,0.0001,0.000001,1000,0.05,1,COMPLETED,0,05:01.9,42m 26s,41m 40s,100.10%,6.8 MB,116.9 MB,1.7 MB,530.6 KB
7,69/5000cc,219292.hpcnode0,phipack_s,0.0001,1.00E-07,1000,0.05,2,COMPLETED,0,04:58.6,44m 24s,44m 3s,100.00%,7 MB,115 MB,1.7 MB,565.8 KB
1,e1/a6ce45,219316.hpcnode0,phipack_s,0.0001,1.00E-07,1000,0.05,1,COMPLETED,0,05:00.6,44m 27s,43m 44s,100.10%,6.9 MB,116.9 MB,1.7 MB,533.6 KB
21,81/cb1a37,219319.hpcnode0,phipack_s,0.0001,0.000001,1000,0.05,3,COMPLETED,0,05:00.8,44m 27s,44m 19s,100.10%,6.8 MB,116.9 MB,1.7 MB,518.7 KB
45,2e/1e38dd,219326.hpcnode0,3seq_s,0.001,1.00E-07,1000,0.05,1,COMPLETED,0,05:01.4,2h 17m 22s,2h 17m 9s,100.10%,520.1 MB,634.8 MB,437.8 MB,258.4 KB
11,61/a4c221,219313.hpcnode0,phipack_s,0.001,1.00E-07,1000,0.05,2,COMPLETED,0,05:00.3,2h 29m 59s,2h 28m 59s,100.10%,15.9 MB,123.9 MB,1.7 MB,2.2 MB
37,ff/ccb371,219334.hpcnode0,3seq_s,0.01,0.000001,1000,0.05,1,COMPLETED,0,05:02.1,2h 30m 17s,2h 28m 18s,100.00%,520.1 MB,632.8 MB,437.8 MB,278.6 KB
6,e7/6ace8f,219298.hpcnode0,phipack_s,0.001,0.000001,1000,0.05,3,COMPLETED,0,04:59.0,2h 30m 50s,2h 29m 50s,100.10%,16.3 MB,124.4 MB,1.7 MB,2.2 MB
23,33/5f3d0c,219295.hpcnode0,phipack_s,0.001,0.000001,1000,0.05,2,COMPLETED,0,04:58.8,2h 31m 5s,2h 30m 46s,100.10%,15.9 MB,123.9 MB,1.7 MB,2.2 MB
33,e3/1e31c7,219327.hpcnode0,3seq_s,0.001,0.000001,1000,0.05,3,COMPLETED,0,05:01.5,2h 32m 7s,2h 31m 3s,100.10%,520.1 MB,634.8 MB,437.8 MB,283.7 KB
50,8b/4d1bef,219285.hpcnode0,3seq_s,0.01,1.00E-07,1000,0.05,3,COMPLETED,0,04:58.2,2h 32m 35s,2h 32m 31s,100.00%,520.1 MB,632.8 MB,437.8 MB,286.3 KB
4,8f/ffe904,219333.hpcnode0,phipack_s,0.001,1.00E-07,1000,0.05,3,COMPLETED,0,05:02.0,2h 39m 17s,2h 38m 31s,100.10%,16.5 MB,126.5 MB,1.7 MB,2.3 MB
9,ab/90dcfe,219323.hpcnode0,phipack_s,0.001,1.00E-07,1000,0.05,1,COMPLETED,0,05:01.1,2h 42m 23s,2h 42m 17s,100.10%,15.8 MB,125.8 MB,1.7 MB,2.2 MB
24,80/ec01c1,219329.hpcnode0,phipack_s,0.001,0.000001,1000,0.05,1,COMPLETED,0,05:01.7,2h 44m 32s,2h 44m 28s,100.10%,15.8 MB,125.8 MB,1.7 MB,2.2 MB
39,80/703960,219328.hpcnode0,3seq_s,0.01,0.000001,1000,0.05,2,COMPLETED,0,05:01.6,2h 51m 43s,2h 50m 55s,100.10%,520.1 MB,634.8 MB,437.8 MB,319.8 KB
20,9a/d9f644,219311.hpcnode0,phipack_s,0.01,1.00E-07,1000,0.05,2,COMPLETED,0,05:00.1,2h 59m 59s,2h 59m 38s,100.10%,26.6 MB,134.8 MB,1.7 MB,3.2 MB
5,2b/462f94,219304.hpcnode0,phipack_s,0.01,0.000001,1000,0.05,1,COMPLETED,0,04:59.6,3h 44s,3h 7s,100.10%,26.6 MB,134.6 MB,1.7 MB,3.2 MB
8,ea/932016,219305.hpcnode0,phipack_s,0.01,1.00E-07,1000,0.05,1,COMPLETED,0,04:59.6,3h 44s,2h 59m 55s,100.10%,26.6 MB,134.8 MB,1.7 MB,3.2 MB
15,9f/de8801,219291.hpcnode0,phipack_s,0.01,0.000001,1000,0.05,3,COMPLETED,0,04:58.6,3h 6m 50s,3h 6m 30s,100.00%,26.6 MB,134.8 MB,1.7 MB,3.2 MB
53,87/b0dcf4,219309.hpcnode0,3seq_s,0.001,0.000001,1000,0.05,2,COMPLETED,0,05:00.0,3h 13m 59s,3h 13m 18s,100.10%,520.1 MB,632.8 MB,437.8 MB,360.4 KB
49,e2/835acc,219336.hpcnode0,3seq_s,0.01,0.000001,1000,0.05,3,COMPLETED,0,05:02.2,3h 16m 7s,3h 14m 9s,100.10%,520.1 MB,632.8 MB,437.8 MB,362 KB
3,eb/33fcdc,219321.hpcnode0,phipack_s,0.01,0.000001,1000,0.05,2,COMPLETED,0,05:01.0,3h 17m 8s,3h 16m 17s,100.10%,26.6 MB,136.6 MB,1.7 MB,3.2 MB
19,76/6ace27,219330.hpcnode0,phipack_s,0.01,1.00E-07,1000,0.05,3,COMPLETED,0,05:01.7,3h 17m 7s,3h 16m 29s,100.10%,26.6 MB,136.8 MB,1.7 MB,3.2 MB
51,a7/24752b,219312.hpcnode0,3seq_s,0.01,1.00E-07,1000,0.05,2,COMPLETED,0,05:00.2,3h 25m 9s,3h 25m,100.10%,520.1 MB,632.8 MB,437.8 MB,381.6 KB
47,4c/6d7e38,219302.hpcnode0,3seq_s,0.001,1.00E-07,1000,0.05,2,COMPLETED,0,04:59.3,3h 25m 15s,3h 24m 31s,100.10%,520.2 MB,632.9 MB,437.9 MB,380.8 KB
44,8a/c86e1e,219296.hpcnode0,3seq_s,0.01,1.00E-07,1000,0.05,1,COMPLETED,0,04:58.9,3h 45m 40s,3h 44m 46s,100.10%,520.1 MB,632.8 MB,437.8 MB,417.5 KB
41,b1/5ac12a,219308.hpcnode0,3seq_s,0.001,1.00E-07,1000,0.05,3,COMPLETED,0,04:59.9,3h 49m 59s,3h 49m 59s,100.10%,520.1 MB,632.8 MB,437.8 MB,427 KB
54,d9/626184,219306.hpcnode0,3seq_s,0.001,0.000001,1000,0.05,1,COMPLETED,0,04:59.7,3h 55m 59s,3h 55m 36s,100.10%,520.1 MB,632.8 MB,437.8 MB,437.3 KB
1,,,3seq_s,0.001,1.00E-07,10000,0.05,1,ABORTED,-,,,120h,,,,,
2,,,3seq_s,0.001,1.00E-07,10000,0.05,2,ABORTED,-,,,120h,,,,,
3,95/54fbac,220038.hpcnode0,3seq_s,0.0001,0.000001,10000,0.05,3,COMPLETED,0,19:56.2,2d 7h 44m 16s,2d 7h 43m 40s,100.10%,1.2 GB,1.3 GB,452.3 MB,5.9 MB
4,ce/25623c,220029.hpcnode0,3seq_s,0.0001,1.00E-07,10000,0.05,3,COMPLETED,0,19:55.4,2d 4h 2s,2d 3h 59m 20s,100.10%,1.2 GB,1.3 GB,452.3 MB,5.5 MB
5,,,3seq_s,0.001,0.000001,10000,0.05,2,ABORTED,-,,,120h,,,,,
6,aa/3bf78b,220028.hpcnode0,3seq_s,0.0001,1.00E-07,10000,0.05,1,COMPLETED,0,19:55.3,1d 13h 24m 49s,1d 13h 24m 1s,100.10%,1.2 GB,1.3 GB,452.3 MB,4 MB
7,,,3seq_s,0.01,0.000001,10000,0.05,3,ABORTED,-,,,120h,,,,,
8,,,3seq_s,0.001,0.000001,10000,0.05,1,ABORTED,-,,,120h,,,,,
9,b0/8f3304,220031.hpcnode0,3seq_s,0.0001,1.00E-07,10000,0.05,2,COMPLETED,0,19:55.6,2d 13h 1m 33s,2d 13h 45s,100.10%,1.2 GB,1.3 GB,452.3 MB,6.5 MB
10,,,3seq_s,0.01,1.00E-07,10000,0.05,1,ABORTED,-,,,120h,,,,,
11,ba/85d2a0,220039.hpcnode0,3seq_s,0.0001,0.000001,10000,0.05,2,COMPLETED,0,19:56.3,2d 15h 25m 27s,2d 15h 25m 11s,100.10%,1.2 GB,1.3 GB,452.3 MB,6.8 MB
12,,,3seq_s,0.001,0.000001,10000,0.05,3,ABORTED,-,,,120h,,,,,
13,,,3seq_s,0.01,0.000001,10000,0.05,1,ABORTED,-,,,120h,,,,,
14,,,3seq_s,0.01,0.000001,10000,0.05,2,ABORTED,-,,,120h,,,,,
15,,,3seq_s,0.01,1.00E-07,10000,0.05,3,ABORTED,-,,,120h,,,,,
16,,,3seq_s,0.001,1.00E-07,10000,0.05,3,ABORTED,-,,,120h,,,,,
17,0d/e2360b,220035.hpcnode0,3seq_s,0.0001,0.000001,10000,0.05,1,COMPLETED,0,19:56.0,2d 12h 1m 22s,2d 12h 27s,100.10%,1.2 GB,1.3 GB,452.3 MB,6.4 MB
18,,,3seq_s,0.01,1.00E-07,10000,0.05,2,ABORTED,-,,,120h,,,,,
11,91/0f92eb,220270.hpcnode0,profile_s,0.0001,0.000001,10000,0.05,2,COMPLETED,0,04:58.6,3h 15s,3h 10s,100.10%,49.2 MB,157.3 MB,16.2 MB,6 KB
17,a8/02d236,220271.hpcnode0,profile_s,0.0001,0.000001,10000,0.05,1,COMPLETED,0,04:58.7,3h 1m,3h 56s,100.10%,49.9 MB,158 MB,16.2 MB,6 KB
9,60/7c0147,220280.hpcnode0,profile_s,0.0001,1.00E-07,10000,0.05,2,COMPLETED,0,04:59.3,3h 2m 44s,3h 2m 3s,100.10%,49.2 MB,157.4 MB,16.2 MB,6 KB
1,ee/c3a9f3,220273.hpcnode0,profile_s,0.0001,1.00E-07,10000,0.05,1,COMPLETED,0,04:58.8,3h 3m 5s,3h 2m 41s,100.10%,50 MB,158 MB,16.2 MB,6 KB
12,30/c66169,220281.hpcnode0,profile_s,0.001,0.000001,10000,0.05,3,COMPLETED,0,04:59.4,3h 4m 49s,3h 4m 4s,100.10%,61.6 MB,169.7 MB,16.2 MB,6 KB
2,df/3e81a7,220282.hpcnode0,profile_s,0.001,0.000001,10000,0.05,2,COMPLETED,0,04:59.5,3h 8m 59s,3h 8m 34s,100.10%,61.6 MB,169.7 MB,16.2 MB,6 KB
18,9f/ad2004,220284.hpcnode0,profile_s,0.001,1.00E-07,10000,0.05,3,COMPLETED,0,04:59.6,3h 8m 59s,3h 8m 46s,100.10%,61.6 MB,169.7 MB,16.2 MB,6 KB
5,50/8d2ddf,220279.hpcnode0,profile_s,0.0001,1.00E-07,10000,0.05,3,COMPLETED,0,04:59.3,3h 14m 50s,3h 14m 34s,100.10%,49.3 MB,157.4 MB,16.2 MB,6 KB
4,a9/5e974a,220276.hpcnode0,profile_s,0.0001,0.000001,10000,0.05,3,COMPLETED,0,04:59.0,3h 16m 50s,3h 16m 39s,100.10%,49.9 MB,157.9 MB,16.2 MB,6 KB
13,fb/e809f3,220287.hpcnode0,profile_s,0.01,0.000001,10000,0.05,1,COMPLETED,0,04:59.9,3h 20m 9s,3h 19m 33s,100.10%,61.6 MB,169.7 MB,16.2 MB,6 KB
8,f6/e182ab,220277.hpcnode0,profile_s,0.001,0.000001,10000,0.05,1,COMPLETED,0,04:59.1,3h 21m,3h 20m 31s,100.10%,61.6 MB,169.7 MB,16.2 MB,6 KB
3,e7/fdacb9,220275.hpcnode0,profile_s,0.001,1.00E-07,10000,0.05,1,COMPLETED,0,04:59.0,3h 21m 50s,3h 21m 29s,100.10%,61.6 MB,169.7 MB,16.2 MB,6 KB
7,89/668698,220278.hpcnode0,profile_s,0.001,1.00E-07,10000,0.05,2,COMPLETED,0,04:59.2,3h 23m 5s,3h 22m 18s,100.10%,61.6 MB,169.7 MB,16.2 MB,6 KB
16,18/e2bfde,220274.hpcnode0,profile_s,0.01,1.00E-07,10000,0.05,2,COMPLETED,0,04:58.9,3h 27m 15s,3h 26m 49s,100.10%,61.6 MB,169.7 MB,16.2 MB,6 KB
14,1c/61522d,220272.hpcnode0,profile_s,0.01,0.000001,10000,0.05,2,COMPLETED,0,04:58.7,3h 30m 20s,3h 30m 17s,100.10%,61.6 MB,169.7 MB,16.2 MB,6 KB
6,bf/d0f9d3,220286.hpcnode0,profile_s,0.01,0.000001,10000,0.05,3,COMPLETED,0,04:59.8,3h 30m 19s,3h 30m 16s,100.10%,61.6 MB,169.7 MB,16.2 MB,6 KB
10,f0/7941c3,220283.hpcnode0,profile_s,0.01,1.00E-07,10000,0.05,1,COMPLETED,0,04:59.6,3h 32m 9s,3h 31m 42s,100.10%,61.6 MB,169.7 MB,16.2 MB,6 KB
15,6d/b2043e,220285.hpcnode0,profile_s,0.01,1.00E-07,10000,0.05,3,COMPLETED,0,04:59.7,3h 41m 24s,3h 41m 3s,100.10%,61.6 MB,169.7 MB,16.2 MB,6 KB
5,fb/44e5c7,220004.hpcnode0,3seq_s,0.0001,1.00E-07,2500,0.05,3,COMPLETED,0,46:59.4,54m 49s,54m,100.10%,635.8 MB,748.6 MB,440.2 MB,107.3 KB
7,ab/188669,220006.hpcnode0,3seq_s,0.0001,0.000001,2500,0.05,2,COMPLETED,0,46:59.5,1h 6m 54s,1h 6m 21s,100.10%,635.8 MB,750.6 MB,440.2 MB,129.8 KB
16,56/b1a926,219997.hpcnode0,3seq_s,0.0001,1.00E-07,2500,0.05,2,COMPLETED,0,46:58.9,2h 25m 45s,2h 25m 42s,100.10%,635.8 MB,748.6 MB,440.2 MB,273.9 KB
11,c6/f40c8c,220000.hpcnode0,3seq_s,0.0001,0.000001,2500,0.05,1,COMPLETED,0,46:59.1,2h 30m 5s,2h 29m 6s,100.10%,635.8 MB,748.6 MB,440.2 MB,280.1 KB
9,e8/8d13d1,219998.hpcnode0,3seq_s,0.0001,0.000001,2500,0.05,3,COMPLETED,0,46:59.0,2h 50m,2h 49m 58s,100.10%,635.8 MB,748.6 MB,440.2 MB,318 KB
2,6b/858e09,219995.hpcnode0,3seq_s,0.0001,1.00E-07,2500,0.05,1,COMPLETED,0,46:58.8,3h 1m,3h 57s,100.10%,635.8 MB,748.6 MB,440.2 MB,338 KB
13,bb/55ae1c,219993.hpcnode0,3seq_s,0.001,1.00E-07,2500,0.05,2,COMPLETED,0,46:58.6,1d 8h 30m,1d 8h 29m 55s,100.10%,635.8 MB,748.6 MB,440.2 MB,3.5 MB
12,d2/618fbc,219994.hpcnode0,3seq_s,0.01,1.00E-07,2500,0.05,3,COMPLETED,0,46:58.7,1d 9h 44m 50s,1d 9h 44m 46s,100.10%,635.8 MB,748.6 MB,440.2 MB,3.6 MB
14,fa/abbc7b,219999.hpcnode0,3seq_s,0.001,0.000001,2500,0.05,2,COMPLETED,0,46:59.1,1d 10h 9m 19s,1d 10h 8m 34s,100.10%,635.8 MB,748.6 MB,440.2 MB,3.6 MB
6,f8/03228b,220002.hpcnode0,3seq_s,0.001,1.00E-07,2500,0.05,3,COMPLETED,0,46:59.3,1d 10h 57m 39s,1d 10h 56m 49s,100.10%,635.8 MB,748.6 MB,440.2 MB,3.7 MB
1,33/e4ce28,220003.hpcnode0,3seq_s,0.01,0.000001,2500,0.05,1,COMPLETED,0,46:59.3,1d 12h 46m 14s,1d 12h 45m 46s,100.10%,635.8 MB,748.6 MB,440.2 MB,3.9 MB
17,a3/30f78d,220010.hpcnode0,3seq_s,0.001,0.000001,2500,0.05,1,COMPLETED,0,46:59.8,1d 13h 9m 49s,1d 13h 9m 35s,100.10%,635.8 MB,748.6 MB,440.2 MB,4 MB
18,33/fc98a6,219996.hpcnode0,3seq_s,0.001,0.000001,2500,0.05,3,COMPLETED,0,46:58.8,1d 14h 32m 15s,1d 14h 32m 12s,100.10%,635.8 MB,748.6 MB,440.2 MB,4.1 MB
4,c8/fa449b,220001.hpcnode0,3seq_s,0.01,1.00E-07,2500,0.05,2,COMPLETED,0,46:59.2,1d 14h 50m 10s,1d 14h 49m 25s,100.10%,635.8 MB,748.6 MB,440.2 MB,4.1 MB
8,53/fa4df9,220009.hpcnode0,3seq_s,0.01,0.000001,2500,0.05,3,COMPLETED,0,46:59.8,1d 16h 7m 59s,1d 16h 7m 16s,100.10%,635.8 MB,748.6 MB,440.2 MB,4.3 MB
3,23/ceda13,220005.hpcnode0,3seq_s,0.001,1.00E-07,2500,0.05,1,COMPLETED,0,46:59.5,1d 17h 58m 35s,1d 17h 58m 7s,100.00%,636 MB,750.6 MB,440.3 MB,4.5 MB
15,50/c0f5f9,220008.hpcnode0,3seq_s,0.01,0.000001,2500,0.05,2,COMPLETED,0,46:59.7,1d 19h 7m 50s,1d 19h 6m 53s,100.00%,635.8 MB,750.6 MB,440.2 MB,4.6 MB
10,9e/875e47,220007.hpcnode0,3seq_s,0.01,1.00E-07,2500,0.05,1,COMPLETED,0,46:59.6,1d 23h 12m 25s,1d 23h 11m 30s,100.00%,635.8 MB,750.6 MB,440.2 MB,5 MB
1,f2/7102cb,222656.hpcnode0,geneconv,0.0001,1.00E-07,2500,0.05,3,COMPLETED,0,13:11.4,9h 59m 35s,9h 58m 54s,100.10%,2.6 GB,2.7 GB,4.1 MB,94.4 MB
2,b7/f8b69d,222641.hpcnode0,geneconv,0.0001,0.000001,2500,0.05,2,COMPLETED,0,13:10.4,12h 20m 31s,12h 20m 29s,100.00%,3.2 GB,3.3 GB,4.1 MB,17.9 MB
7,8e/b7bdfe,222642.hpcnode0,geneconv,0.0001,1.00E-07,2500,0.05,1,COMPLETED,0,13:10.5,13h 20m 21s,13h 20m 19s,100.10%,3.3 GB,3.4 GB,4.1 MB,5.4 MB
18,14/0c196f,222649.hpcnode0,geneconv,0.0001,1.00E-07,2500,0.05,2,COMPLETED,0,13:11.0,14h 12m 56s,14h 12m 26s,100.10%,3.4 GB,3.5 GB,4.1 MB,2.4 MB
9,7f/f95cb1,222648.hpcnode0,geneconv,0.0001,0.000001,2500,0.05,3,COMPLETED,0,13:10.9,14h 31m 1s,14h 30m 38s,100.10%,3.4 GB,3.5 GB,4.1 MB,2 MB
11,96/0f1b98,222646.hpcnode0,geneconv,0.0001,0.000001,2500,0.05,1,COMPLETED,0,13:10.8,16h 7m 26s,16h 7m 24s,100.20%,3.3 GB,3.4 GB,4.1 MB,4.8 MB
5,e8/300c39,222643.hpcnode0,geneconv,0.001,1.00E-07,2500,0.05,3,COMPLETED,0,13:10.6,1d 15h 15m 30s,1d 15h 15m 25s,100.10%,3.4 GB,3.5 GB,4.1 MB,1.2 MB
14,64/3edc59,222644.hpcnode0,geneconv,0.001,0.000001,2500,0.05,2,COMPLETED,0,13:10.6,1d 15h 57m 35s,1d 15h 57m 32s,100.10%,3.4 GB,3.5 GB,4.1 MB,1 MB
16,d3/7cdcb9,222640.hpcnode0,geneconv,0.001,0.000001,2500,0.05,3,COMPLETED,0,13:10.4,1d 16h 44m 30s,1d 16h 44m 25s,100.10%,3.4 GB,3.5 GB,4.1 MB,1 MB
13,b7/183b54,222651.hpcnode0,geneconv,0.001,1.00E-07,2500,0.05,2,COMPLETED,0,13:11.1,1d 18h 28m 29s,1d 18h 28m 26s,100.10%,3.4 GB,3.5 GB,4.1 MB,958.9 KB
3,54/7bd0c0,222652.hpcnode0,geneconv,0.001,1.00E-07,2500,0.05,1,COMPLETED,0,13:11.2,1d 19h 59m 10s,1d 19h 58m 36s,100.10%,3.4 GB,3.5 GB,4.1 MB,1 MB
17,5b/9d15bb,222647.hpcnode0,geneconv,0.001,0.000001,2500,0.05,1,COMPLETED,0,13:10.8,1d 20h 20m 15s,1d 20h 19m 18s,100.20%,3.4 GB,3.5 GB,4.1 MB,1.1 MB
12,4e/047b04,222645.hpcnode0,geneconv,0.01,1.00E-07,2500,0.05,3,COMPLETED,0,13:10.7,1d 22h 48m 40s,1d 22h 48m 38s,100.20%,2.7 GB,2.8 GB,4.1 MB,323.7 KB
15,c0/c5dbfa,222650.hpcnode0,geneconv,0.01,0.000001,2500,0.05,2,COMPLETED,0,13:11.0,1d 23h 34m 30s,1d 23h 33m 42s,100.10%,2.6 GB,2.7 GB,4.1 MB,326.9 KB
6,d0/9facc0,222654.hpcnode0,geneconv,0.01,0.000001,2500,0.05,1,COMPLETED,0,13:11.3,2d 44m 10s,2d 43m 53s,100.00%,2.6 GB,2.7 GB,4.1 MB,326.6 KB
8,cf/3d399c,222653.hpcnode0,geneconv,0.01,0.000001,2500,0.05,3,COMPLETED,0,13:11.2,2d 2h 29m 25s,2d 2h 29m 24s,100.10%,2.3 GB,2.4 GB,4.1 MB,327.5 KB
4,d4/a24304,222657.hpcnode0,geneconv,0.01,1.00E-07,2500,0.05,2,COMPLETED,0,13:11.5,2d 7h 2m 35s,2d 7h 2m 12s,100.10%,2.4 GB,2.5 GB,4.1 MB,327.2 KB
10,74/a3e5cb,222655.hpcnode0,geneconv,0.01,1.00E-07,2500,0.05,1,COMPLETED,0,13:11.4,2d 9h 36m 56s,2d 9h 36m 33s,100.10%,2.1 GB,2.2 GB,4.1 MB,328.2 KB
1,eb/e6bacd,220186.hpcnode0,profile_s,0.0001,1.00E-07,2500,0.05,3,COMPLETED,0,36:04.4,11m 44s,11m 22s,100.00%,12.1 MB,120.1 MB,4.1 MB,6 KB
2,77/9fe364,220191.hpcnode0,profile_s,0.0001,1.00E-07,2500,0.05,1,COMPLETED,0,36:04.8,11m 44s,11m 25s,100.10%,12.3 MB,120.4 MB,4.1 MB,6 KB
6,a8/155226,220175.hpcnode0,profile_s,0.001,1.00E-07,2500,0.05,3,COMPLETED,0,36:03.5,12m 40s,12m 9s,100.00%,18.8 MB,126.9 MB,4.1 MB,6 KB
16,3c/ad93b5,220179.hpcnode0,profile_s,0.0001,1.00E-07,2500,0.05,2,COMPLETED,0,36:03.9,12m 39s,12m 28s,100.10%,12.2 MB,120.2 MB,4.1 MB,6 KB
11,04/ee3251,220181.hpcnode0,profile_s,0.0001,0.000001,2500,0.05,1,COMPLETED,0,36:04.0,12m 39s,12m 34s,100.10%,12.2 MB,122.2 MB,4.1 MB,6 KB
9,4f/954ab2,220185.hpcnode0,profile_s,0.0001,0.000001,2500,0.05,3,COMPLETED,0,36:04.3,12m 49s,12m 44s,100.10%,12.2 MB,122.2 MB,4.1 MB,6 KB
14,df/24e589,220188.hpcnode0,profile_s,0.001,0.000001,2500,0.05,2,COMPLETED,0,36:04.6,12m 49s,12m 5s,100.10%,18.7 MB,126.8 MB,4.1 MB,6 KB
4,f3/dbea0a,220189.hpcnode0,profile_s,0.001,1.00E-07,2500,0.05,1,COMPLETED,0,36:04.7,12m 49s,12m 10s,100.00%,18.7 MB,126.8 MB,4.1 MB,6 KB
18,e9/78c91c,220190.hpcnode0,profile_s,0.001,0.000001,2500,0.05,1,COMPLETED,0,36:04.8,12m 49s,12m 27s,100.10%,18.8 MB,126.9 MB,4.1 MB,6 KB
3,ea/775697,220176.hpcnode0,profile_s,0.01,0.000001,2500,0.05,1,COMPLETED,0,36:03.6,13m 45s,13m 9s,100.00%,20.1 MB,128.1 MB,4.1 MB,6 KB
13,11/a3d4c2,220177.hpcnode0,profile_s,0.001,1.00E-07,2500,0.05,2,COMPLETED,0,36:03.7,13m 45s,13m,100.10%,18.8 MB,126.9 MB,4.1 MB,6 KB
17,26/cc5a1c,220182.hpcnode0,profile_s,0.001,0.000001,2500,0.05,3,COMPLETED,0,36:04.1,13m 44s,13m 43s,100.10%,18.9 MB,128.9 MB,4.1 MB,6 KB
8,a6/cd2694,220187.hpcnode0,profile_s,0.01,0.000001,2500,0.05,3,COMPLETED,0,36:04.5,14m 54s,14m 48s,100.00%,20.1 MB,128.1 MB,4.1 MB,6 KB
7,8f/bfdb37,220192.hpcnode0,profile_s,0.0001,0.000001,2500,0.05,2,COMPLETED,0,36:04.9,14m 53s,14m 9s,100.10%,12.1 MB,122.1 MB,4.1 MB,6 KB
15,c5/47d4f2,220178.hpcnode0,profile_s,0.01,0.000001,2500,0.05,2,COMPLETED,0,36:03.8,15m 50s,15m,100.10%,20.1 MB,128.1 MB,4.1 MB,6 KB
5,23/6bc5a7,220180.hpcnode0,profile_s,0.01,1.00E-07,2500,0.05,2,COMPLETED,0,36:03.9,15m 49s,15m 19s,100.10%,20.1 MB,128.1 MB,4.1 MB,6 KB
12,22/852221,220184.hpcnode0,profile_s,0.01,1.00E-07,2500,0.05,3,COMPLETED,0,36:04.3,15m 49s,15m 22s,100.10%,20.1 MB,130.1 MB,4.1 MB,6 KB
10,dd/e12740,220183.hpcnode0,profile_s,0.01,1.00E-07,2500,0.05,1,COMPLETED,0,36:04.2,16m 54s,16m 30s,100.10%,20.1 MB,130.1 MB,4.1 MB,6 KB
18,d6/c41729,219932.hpcnode0,3seq_s,0.0001,1.00E-07,5000,0.05,2,COMPLETED,0,25:14.7,6h 21m 20s,6h 20m 19s,100.10%,828.7 MB,941.4 MB,444.3 MB,699.8 KB
16,f8/3294de,219933.hpcnode0,3seq_s,0.0001,0.000001,5000,0.05,1,COMPLETED,0,25:14.8,8h 16m 35s,8h 15m 50s,100.10%,828.7 MB,941.4 MB,444.3 MB,909.5 KB
12,78/bf02fd,219923.hpcnode0,3seq_s,0.0001,1.00E-07,5000,0.05,1,COMPLETED,0,25:14.1,11h 42m 11s,11h 41m 23s,100.10%,828.7 MB,941.4 MB,444.3 MB,1.3 MB
13,10/384a91,219936.hpcnode0,3seq_s,0.0001,1.00E-07,5000,0.05,3,COMPLETED,0,25:15.0,11h 51m 20s,11h 50m 32s,100.10%,828.7 MB,941.4 MB,444.3 MB,1.3 MB
1,27/6eec69,219926.hpcnode0,3seq_s,0.0001,0.000001,5000,0.05,3,COMPLETED,0,25:14.3,12h 38m 31s,12h 38m 4s,100.10%,828.7 MB,941.4 MB,444.3 MB,1.4 MB
8,39/4b52d5,219924.hpcnode0,3seq_s,0.0001,0.000001,5000,0.05,2,COMPLETED,0,25:14.1,13h 16s,12h 59m 30s,100.10%,828.7 MB,941.4 MB,444.3 MB,1.4 MB
7,b0/a39fd6,219922.hpcnode0,3seq_s,0.001,1.00E-07,5000,0.05,2,ABORTED,-,25:14.0,-,120h,-,-,-,-,-
10,e3/d8d3b3,219925.hpcnode0,3seq_s,0.001,0.000001,5000,0.05,2,ABORTED,-,25:14.2,-,120h,-,-,-,-,-
15,a4/8879dd,219927.hpcnode0,3seq_s,0.01,0.000001,5000,0.05,1,ABORTED,-,25:14.3,-,120h,-,-,-,-,-
11,4b/291aeb,219928.hpcnode0,3seq_s,0.001,0.000001,5000,0.05,3,ABORTED,-,25:14.4,-,120h,-,-,-,-,-
6,e5/aa5408,219929.hpcnode0,3seq_s,0.001,1.00E-07,5000,0.05,3,ABORTED,-,25:14.5,-,120h,-,-,-,-,-
9,2c/086fb2,219930.hpcnode0,3seq_s,0.001,1.00E-07,5000,0.05,1,ABORTED,-,25:14.5,-,120h,-,-,-,-,-
2,e4/118485,219931.hpcnode0,3seq_s,0.01,0.000001,5000,0.05,2,ABORTED,-,25:14.6,-,120h,-,-,-,-,-
4,48/aebc67,219934.hpcnode0,3seq_s,0.01,0.000001,5000,0.05,3,ABORTED,-,25:14.8,-,120h,-,-,-,-,-
3,36/50cb94,219935.hpcnode0,3seq_s,0.01,1.00E-07,5000,0.05,1,ABORTED,-,25:14.9,-,120h,-,-,-,-,-
5,52/6737f9,219937.hpcnode0,3seq_s,0.001,0.000001,5000,0.05,1,ABORTED,-,25:15.0,-,120h,-,-,-,-,-
14,36/3cf275,219938.hpcnode0,3seq_s,0.01,1.00E-07,5000,0.05,2,ABORTED,-,25:15.1,-,120h,-,-,-,-,-
17,55/2efd57,219939.hpcnode0,3seq_s,0.01,1.00E-07,5000,0.05,3,ABORTED,-,25:15.2,-,120h,-,-,-,-,-
11,ce/094a4a,220207.hpcnode0,profile_s,0.001,0.000001,5000,0.05,3,COMPLETED,0,05:45.2,45m 50s,45m 45s,100.00%,33.9 MB,142 MB,8.1 MB,6 KB
10,d5/bf0e68,220208.hpcnode0,profile_s,0.001,0.000001,5000,0.05,2,COMPLETED,0,05:45.3,46m 30s,46m 26s,100.00%,33.8 MB,141.9 MB,8.1 MB,6 KB
12,32/99ed6a,220215.hpcnode0,profile_s,0.0001,1.00E-07,5000,0.05,1,COMPLETED,0,05:45.8,48m 44s,48m 22s,100.10%,23.6 MB,131.8 MB,8.1 MB,6 KB
13,e9/a047a9,220214.hpcnode0,profile_s,0.0001,1.00E-07,5000,0.05,3,COMPLETED,0,05:45.8,49m 44s,49m 14s,100.10%,23.5 MB,131.6 MB,8.1 MB,6 KB
16,81/9d1218,220217.hpcnode0,profile_s,0.0001,0.000001,5000,0.05,1,COMPLETED,0,05:46.0,50m 49s,49m 48s,100.10%,23.6 MB,131.8 MB,8.1 MB,6 KB
5,48/de04dc,220219.hpcnode0,profile_s,0.0001,0.000001,5000,0.05,3,COMPLETED,0,05:46.1,50m 49s,50m 20s,100.10%,23.7 MB,133.8 MB,8.1 MB,6 KB
8,88/bebfea,220223.hpcnode0,profile_s,0.0001,0.000001,5000,0.05,2,COMPLETED,0,05:46.4,50m 49s,50m 24s,100.10%,23.7 MB,133.8 MB,8.1 MB,6 KB
17,81/f6602e,220210.hpcnode0,profile_s,0.0001,1.00E-07,5000,0.05,2,COMPLETED,0,05:45.4,51m 45s,50m 56s,100.20%,23.7 MB,131.8 MB,8.1 MB,6 KB
3,6c/35a46b,220218.hpcnode0,profile_s,0.001,1.00E-07,5000,0.05,3,COMPLETED,0,05:46.1,51m 54s,51m 43s,100.10%,33.9 MB,141.9 MB,8.1 MB,6 KB
4,4c/1b3c4a,220213.hpcnode0,profile_s,0.01,1.00E-07,5000,0.05,1,COMPLETED,0,05:45.7,52m 49s,52m 25s,100.10%,34 MB,142.1 MB,8.1 MB,6 KB
7,6d/d1078e,220221.hpcnode0,profile_s,0.001,0.000001,5000,0.05,1,COMPLETED,0,05:46.3,52m 59s,52m 53s,100.10%,33.9 MB,143.9 MB,8.1 MB,6 KB
9,4a/99ad91,220224.hpcnode0,profile_s,0.001,1.00E-07,5000,0.05,1,COMPLETED,0,05:46.5,52m 59s,52m 31s,100.10%,33.9 MB,143.9 MB,8.1 MB,6 KB
2,ae/6b2d55,220220.hpcnode0,profile_s,0.001,1.00E-07,5000,0.05,2,COMPLETED,0,05:46.2,53m 59s,53m,100.10%,33.8 MB,143.9 MB,8.1 MB,6 KB
15,0f/b6ef6d,220212.hpcnode0,profile_s,0.01,0.000001,5000,0.05,1,COMPLETED,0,05:45.6,54m 50s,53m 51s,100.10%,34 MB,142.1 MB,8.1 MB,6 KB
6,59/67647b,220209.hpcnode0,profile_s,0.01,0.000001,5000,0.05,3,COMPLETED,0,05:45.4,59m 45s,59m 11s,100.20%,34 MB,142.1 MB,8.1 MB,6 KB
1,7d/4d86aa,220216.hpcnode0,profile_s,0.01,0.000001,5000,0.05,2,COMPLETED,0,05:45.9,1h 1m 54s,1h 1m 12s,100.10%,34 MB,142.1 MB,8.1 MB,6 KB
18,d0/bb7edc,220222.hpcnode0,profile_s,0.01,1.00E-07,5000,0.05,3,COMPLETED,0,05:46.4,1h 2m 4s,1h 1m 33s,100.10%,34 MB,144.1 MB,8.1 MB,6 KB
14,5f/9a855d,220211.hpcnode0,profile_s,0.01,1.00E-07,5000,0.05,2,COMPLETED,0,05:45.5,1h 2m 55s,1h 2m 18s,100.20%,34 MB,142.1 MB,8.1 MB,6 KB
18,51/eb2623,228694.hpcnode0,geneconv,0.0001,1.00E-07,5000,0.05,2,COMPLETED,0,00:42.9,2d 18h 26m 49s,2d 18h 25m 55s,100.10%,11.6 GB,11.7 GB,8.1 MB,1.3 GB
2,e4/1ca6b6,228709.hpcnode0,geneconv,0.0001,0.000001,5000,0.05,3,COMPLETED,0,00:44.0,3d 10h 23m 49s,3d 10h 23m 1s,100.00%,13.5 GB,13.6 GB,8.1 MB,117.4 MB
15,4d/a1719c,228702.hpcnode0,geneconv,0.0001,0.000001,5000,0.05,1,COMPLETED,0,00:43.5,3d 11h 20m 20s,3d 11h 19m 58s,100.10%,12.8 GB,12.9 GB,8.1 MB,740.8 MB
10,dd/70cf5c,228697.hpcnode0,geneconv,0.0001,1.00E-07,5000,0.05,1,COMPLETED,0,00:43.1,3d 12h 10s,3d 11h 59m 19s,100.10%,13.5 GB,13.6 GB,8.1 MB,60.3 MB
4,4b/1d0682,228699.hpcnode0,geneconv,0.0001,0.000001,5000,0.05,2,COMPLETED,0,00:43.3,3d 14h 36m 50s,3d 14h 36m 49s,100.10%,13.4 GB,13.5 GB,8.1 MB,166.4 MB
12,97/6c449c,228707.hpcnode0,geneconv,0.0001,1.00E-07,5000,0.05,3,COMPLETED,0,00:43.8,4d 10h 42m 57s,4d 10h 42m 34s,100.10%,13.5 GB,13.6 GB,8.1 MB,100.6 MB
6,72/a0c20e,228692.hpcnode0,geneconv,0.001,1.00E-07,5000,0.05,2,ABORTED,-,00:42.7,-,120h,-,-,-,-,-
7,17/45fff4,228693.hpcnode0,geneconv,0.001,0.000001,5000,0.05,2,ABORTED,-,00:42.9,-,120h,-,-,-,-,-
5,81/f94c94,228695.hpcnode0,geneconv,0.001,0.000001,5000,0.05,1,ABORTED,-,00:43.0,-,120h,-,-,-,-,-
11,5f/87b908,228696.hpcnode0,geneconv,0.001,0.000001,5000,0.05,3,ABORTED,-,00:43.1,-,120h,-,-,-,-,-
13,38/ada6e3,228698.hpcnode0,geneconv,0.01,1.00E-07,5000,0.05,2,ABORTED,-,00:43.2,-,120h,-,-,-,-,-
14,df/fb1301,228700.hpcnode0,geneconv,0.01,0.000001,5000,0.05,1,ABORTED,-,00:43.3,-,120h,-,-,-,-,-
1,3f/553d4f,228701.hpcnode0,geneconv,0.01,0.000001,5000,0.05,2,ABORTED,-,00:43.4,-,120h,-,-,-,-,-
16,f1/e2d8db,228703.hpcnode0,geneconv,0.01,1.00E-07,5000,0.05,3,ABORTED,-,00:43.6,-,120h,-,-,-,-,-
8,d5/636741,228704.hpcnode0,geneconv,0.001,1.00E-07,5000,0.05,3,ABORTED,-,00:43.6,-,120h,-,-,-,-,-
3,5b/0102fb,228705.hpcnode0,geneconv,0.01,0.000001,5000,0.05,3,ABORTED,-,00:43.7,-,120h,-,-,-,-,-
17,9a/4bae46,228706.hpcnode0,geneconv,0.001,1.00E-07,5000,0.05,1,ABORTED,-,00:43.8,-,120h,-,-,-,-,-
9,d2/c30c2e,228708.hpcnode0,geneconv,0.01,1.00E-07,5000,0.05,1,ABORTED,-,00:43.9,-,120h,-,-,-,-,-